{
    "train_loss": [
        2.2165585834249675,
        2.0937431594032554,
        2.0154920143698156,
        1.9845570918085225,
        2.0376312691180862
    ],
    "val_loss": [
        2.292433468601372,
        2.3065563334694392,
        2.307624856127968,
        2.3063552424877503,
        2.2929796855660936
    ],
    "learning_rate": [
        3.0099475879773238e-05,
        2.257460690982993e-05,
        1.5049737939886619e-05,
        7.524868969943309e-06,
        0.0
    ]
}